﻿pos_x,pos_y,rotation,side,designator,mpn,pack,footprint,value,mount_type
186.8425,-119.8625,0.0,top,C1,,,C_1210_3225Metric_Pad1.33x2.70mm_HandSolder,1uF,smt
178.5,-95.8575,90.0,top,C10,,,C_0603_1608Metric_Pad1.08x0.95mm_HandSolder,10nF,smt
177.01,-95.8575,90.0,top,C11,,,C_0603_1608Metric_Pad1.08x0.95mm_HandSolder,1uF,smt
173.2,-95.8575,90.0,top,C12,,,C_0603_1608Metric_Pad1.08x0.95mm_HandSolder,10nF,smt
171.7,-95.8575,90.0,top,C13,,,C_0603_1608Metric_Pad1.08x0.95mm_HandSolder,1uF,smt
183.6,-102.1825,90.0,top,C14,,,C_0603_1608Metric_Pad1.08x0.95mm_HandSolder,10nF,smt
185.1,-102.1825,90.0,top,C15,,,C_0603_1608Metric_Pad1.08x0.95mm_HandSolder,1uF,smt
169.8,-102.2125,90.0,top,C16,,,C_0603_1608Metric_Pad1.08x0.95mm_HandSolder,10nF,smt
174.4,-110.2125,-90.0,top,C17,,,C_0603_1608Metric_Pad1.08x0.95mm_HandSolder,1uF,smt
182.5675,-112.6,0.0,top,C18,,,C_0402_1005Metric_Pad0.74x0.62mm_HandSolder,15pf,smt
186.6,-109.6675,-90.0,top,C19,,,C_0402_1005Metric_Pad0.74x0.62mm_HandSolder,15pf,smt
186.1425,-117.4625,0.0,top,C2,,,C_0603_1608Metric_Pad1.08x0.95mm_HandSolder,10nF,smt
143.205,-133.9975,90.0,top,C20,,,L_0402_1005Metric_Pad0.77x0.64mm_HandSolder,100nf,smt
138.29,-134.125,180.0,top,C21,,,C_1210_3225Metric_Pad1.33x2.70mm_HandSolder,47uf,smt
138.29,-130.625,180.0,top,C22,,,C_1210_3225Metric_Pad1.33x2.70mm_HandSolder,47uf,smt
139.28,-128.125,0.0,top,C23,,,L_0402_1005Metric_Pad0.77x0.64mm_HandSolder,100nf,smt
150.8425,-128.975,0.0,top,C24,,,C_1210_3225Metric_Pad1.33x2.70mm_HandSolder,47uf,smt
150.8425,-132.275,0.0,top,C25,,,C_1210_3225Metric_Pad1.33x2.70mm_HandSolder,47uf,smt
149.915,-126.875,180.0,top,C26,,,L_0402_1005Metric_Pad0.77x0.64mm_HandSolder,100nf,smt
148.8425,-135.1025,90.0,top,C27,,,L_0402_1005Metric_Pad0.77x0.64mm_HandSolder,22pf,smt
145.98,-113.6875,-90.0,top,C28,,,C_1210_3225Metric_Pad1.33x2.70mm_HandSolder,47uf,smt
142.78,-113.6875,-90.0,top,C29,,,C_1210_3225Metric_Pad1.33x2.70mm_HandSolder,47uf,smt
179.3375,-120.7625,180.0,top,C3,,,C_0603_1608Metric_Pad1.08x0.95mm_HandSolder,10nF,smt
159.98,-114.9875,-90.0,top,C30,,,C_1210_3225Metric_Pad1.33x2.70mm_HandSolder,47uf,smt
156.78,-114.9875,-90.0,top,C31,,,C_1210_3225Metric_Pad1.33x2.70mm_HandSolder,47uf,smt
140.68,-112.6975,90.0,top,C32,,,L_0402_1005Metric_Pad0.77x0.64mm_HandSolder,100nf,smt
139.68,-112.6975,90.0,top,C33,,,L_0402_1005Metric_Pad0.77x0.64mm_HandSolder,100nf,smt
140.05,-118.4925,180.0,top,C34,,,L_0402_1005Metric_Pad0.77x0.64mm_HandSolder,1uf,smt
142.78,-119.6625,90.0,top,C35,,,C_1210_3225Metric_Pad1.33x2.70mm_HandSolder,47uf,smt
145.98,-119.6625,90.0,top,C36,,,C_1210_3225Metric_Pad1.33x2.70mm_HandSolder,47uf,smt
156.78,-119.9875,90.0,top,C37,,,C_1210_3225Metric_Pad1.33x2.70mm_HandSolder,47uf,smt
159.98,-119.9875,90.0,top,C38,,,C_1210_3225Metric_Pad1.33x2.70mm_HandSolder,47uf,smt
156.1,-105.6,180.0,top,C39,,,C_0603_1608Metric_Pad1.08x0.95mm_HandSolder,C,smt
183.8,-95.85,90.0,top,C4,,,C_0603_1608Metric_Pad1.08x0.95mm_HandSolder,1uF,smt
185.7675,-98.35,0.0,top,C5,,,C_0402_1005Metric_Pad0.74x0.62mm_HandSolder,100nf,smt
171.3,-102.2125,90.0,top,C6,,,C_0603_1608Metric_Pad1.08x0.95mm_HandSolder,10nF,smt
178.3,-110.9125,-90.0,top,C7,,,C_1210_3225Metric_Pad1.33x2.70mm_HandSolder,1uF,smt
175.9,-110.2125,-90.0,top,C8,,,C_0603_1608Metric_Pad1.08x0.95mm_HandSolder,10nF,smt
182.3,-95.8575,90.0,top,C9,,,C_0603_1608Metric_Pad1.08x0.95mm_HandSolder,1uF,smt
170.05,-88.9,90.0,top,CN1,,,R_Array_Concave_4x0402,1nF,smt
175.0,-88.9,90.0,top,CN2,,,R_Array_Concave_4x0402,1nF,smt
180.15,-88.9,90.0,top,CN3,,,R_Array_Concave_4x0402,1nF,smt
185.1,-88.9,90.0,top,CN4,,,R_Array_Concave_4x0402,1nF,smt
137.48,-139.425,-90.0,top,D1,,,D_SMA,SS14,smt
177.6,-102.85,0.0,top,IC1,AD7771BCPZ,,QFN-64-1EP_9x9mm_P0.5mm_EP7.35x7.35mm,AD7771BCPZ,smt
141.98,-95.155,-90.0,top,J1,,,DSUB-15-HD_Female_Horizontal_P2.29x1.98mm_EdgePinOffset3.03mm_Housed_MountingHolesOffset4.94mm,DE15_Plug_HighDensity_MountingHoles,tht
141.28,-146.725,0.0,top,J2,,,USB_C_Receptacle_Palconn_UTC16-G,USB_C_Receptacle_USB2.0_16P,smt
173.06,-78.6,180.0,top,J3,,,DSUB-9_Female_Horizontal_P2.77x2.84mm_EdgePinOffset4.94mm_Housed_MountingHolesOffset7.48mm,DE9_Plug_MountingHoles,tht
149.9,-149.1,90.0,top,J4,,,PinHeader_1x06_P2.54mm_Vertical,Conn_01x06_Pin,tht
157.3,-73.3,180.0,top,J5,,,"TerminalBlock_Phoenix_MKDS-1,5-3_1x03_P5.00mm_Horizontal",Conn_01x03,tht
189.925,-143.575,0.0,top,J6,,,PinHeader_2x03_P2.54mm_Vertical,Conn_02x03_Odd_Even,tht
168.2,-145.1,-90.0,top,J7,,,JST_XA_B02B-XASK-1-A_1x02_P2.50mm_Vertical,Conn_01x02_Socket,tht
175.7,-145.1,-90.0,top,J8,,,JST_XA_B02B-XASK-1-A_1x02_P2.50mm_Vertical,Conn_01x02_Socket,tht
183.2,-145.1,-90.0,top,J9,,,JST_XA_B02B-XASK-1-A_1x02_P2.50mm_Vertical,Conn_01x02_Socket,tht
145.8425,-129.375,0.0,top,L1,,,L_Vishay_IFSC-1515AH_4x4x1.8mm,WPN4020H4R7MT,smt
146.7625,-105.25,180.0,top,Q1,,,SOT-23,BC817,smt
150.6625,-91.25,180.0,top,Q10,,,SOT-23,BC807,smt
146.7625,-87.75,180.0,top,Q11,,,SOT-23,BC817,smt
150.6625,-87.75,180.0,top,Q12,,,SOT-23,BC807,smt
146.7625,-84.25,180.0,top,Q13,,,SOT-23,BC817,smt
150.6625,-84.25,180.0,top,Q14,,,SOT-23,BC807,smt
146.7625,-80.75,180.0,top,Q15,,,SOT-23,BC817,smt
150.6625,-80.75,180.0,top,Q16,,,SOT-23,BC807,smt
150.6625,-105.25,180.0,top,Q2,,,SOT-23,BC807,smt
146.7625,-101.75,180.0,top,Q3,,,SOT-23,BC817,smt
150.6625,-101.75,180.0,top,Q4,,,SOT-23,BC807,smt
146.7625,-98.25,180.0,top,Q5,,,SOT-23,BC817,smt
150.6625,-98.25,180.0,top,Q6,,,SOT-23,BC807,smt
146.7625,-94.75,180.0,top,Q7,,,SOT-23,BC817,smt
150.6625,-94.75,180.0,top,Q8,,,SOT-23,BC807,smt
146.7625,-91.25,180.0,top,Q9,,,SOT-23,BC817,smt
182.68,-120.7625,180.0,top,R1,,,R_0402_1005Metric_Pad0.72x0.64mm_HandSolder,10K,smt
149.7925,-122.925,0.0,top,R10,,,R_0603_1608Metric_Pad0.98x0.95mm_HandSolder,1k2,smt
155.2025,-94.70125,180.0,top,R11,,,R_0402_1005Metric_Pad0.72x0.64mm_HandSolder,1K5,smt
155.2025,-97.30125,180.0,top,R12,,,R_0402_1005Metric_Pad0.72x0.64mm_HandSolder,1K5,smt
165.2,-97.30125,0.0,top,R13,,,R_0402_1005Metric_Pad0.72x0.64mm_HandSolder,1K5,smt
165.2025,-94.70125,0.0,top,R14,,,R_0402_1005Metric_Pad0.72x0.64mm_HandSolder,1K5,smt
155.8,-93.10125,-90.0,top,R15,,,R_0402_1005Metric_Pad0.72x0.64mm_HandSolder,10K,smt
155.8,-98.90125,90.0,top,R16,,,R_0402_1005Metric_Pad0.72x0.64mm_HandSolder,10K,smt
164.6,-98.90125,90.0,top,R17,,,R_0402_1005Metric_Pad0.72x0.64mm_HandSolder,10K,smt
164.6,-93.05125,-90.0,top,R18,,,R_0402_1005Metric_Pad0.72x0.64mm_HandSolder,10K,smt
155.2025,-85.25,180.0,top,R19,,,R_0402_1005Metric_Pad0.72x0.64mm_HandSolder,1K5,smt
189.0125,-98.62,180.0,top,R2,,,R_0603_1608Metric_Pad0.98x0.95mm_HandSolder,100,smt
155.2,-87.75,180.0,top,R20,,,R_0402_1005Metric_Pad0.72x0.64mm_HandSolder,1K5,smt
165.2975,-87.85,0.0,top,R21,,,R_0402_1005Metric_Pad0.72x0.64mm_HandSolder,1K5,smt
165.2975,-85.25,0.0,top,R22,,,R_0402_1005Metric_Pad0.72x0.64mm_HandSolder,1K5,smt
155.8,-83.5525,-90.0,top,R23,,,R_0402_1005Metric_Pad0.72x0.64mm_HandSolder,10K,smt
155.8,-89.4475,90.0,top,R24,,,R_0402_1005Metric_Pad0.72x0.64mm_HandSolder,10K,smt
164.7,-89.55,90.0,top,R25,,,R_0402_1005Metric_Pad0.72x0.64mm_HandSolder,10K,smt
164.7,-83.55,-90.0,top,R26,,,R_0402_1005Metric_Pad0.72x0.64mm_HandSolder,10K,smt
163.8025,-108.7,0.0,top,R28,,,R_0402_1005Metric_Pad0.72x0.64mm_HandSolder,10K,smt
163.8025,-106.7,0.0,top,R29,,,R_0402_1005Metric_Pad0.72x0.64mm_HandSolder,10K,smt
189.0125,-100.12,0.0,top,R3,,,R_0603_1608Metric_Pad0.98x0.95mm_HandSolder,100,smt
163.8025,-107.7,0.0,top,R30,,,R_0402_1005Metric_Pad0.72x0.64mm_HandSolder,10K,smt
172.98,-117.2625,90.0,top,R33,,,R_0402_1005Metric_Pad0.72x0.64mm_HandSolder,4k7,smt
171.48,-117.265,90.0,top,R34,,,R_0402_1005Metric_Pad0.72x0.64mm_HandSolder,4k7,smt
144.9025,-135.625,180.0,top,R4,,,R_0402_1005Metric_Pad0.72x0.64mm_HandSolder,10K,smt
149.7675,-110.525,0.0,top,R5,,,R_0603_1608Metric_Pad0.98x0.95mm_HandSolder,1k2,smt
150.8425,-135.0725,90.0,top,R6,,,R_0402_1005Metric_Pad0.72x0.64mm_HandSolder,10K,smt
149.8425,-135.075,-90.0,top,R7,,,R_0402_1005Metric_Pad0.72x0.64mm_HandSolder,33.2K,smt
149.755,-109.025,180.0,top,R8,,,R_0603_1608Metric_Pad0.98x0.95mm_HandSolder,390,smt
149.7925,-124.425,180.0,top,R9,,,R_0603_1608Metric_Pad0.98x0.95mm_HandSolder,390,smt
170.1,-86.3,90.0,top,RN1,,,R_Array_Concave_4x0603,2.2K,smt
175.0,-86.3,90.0,top,RN2,,,R_Array_Concave_4x0603,2.2K,smt
180.15,-86.3,90.0,top,RN3,,,R_Array_Concave_4x0603,2.2K,smt
185.2,-86.3,90.0,top,RN4,,,R_Array_Concave_4x0603,2.2K,smt
185.8,-95.42,180.0,top,RV1,,,Potentiometer_Bourns_3266Y_Vertical,150,tht
142.98,-141.8275,-90.0,top,Rcc1,,,R_0402_1005Metric_Pad0.72x0.64mm_HandSolder,5.1K,smt
139.88,-141.8275,-90.0,top,Rcc2,,,R_0402_1005Metric_Pad0.72x0.64mm_HandSolder,5.1K,smt
176.06,-131.5125,-90.0,top,U1,,,ESP32-S3-WROOM-1,ESP32-S3-WROOM-1,smt
160.2375,-95.95125,0.0,top,U10,,,TSSOP-14_4.4x5mm_P0.65mm,LM324,smt
160.2375,-86.5,0.0,top,U11,,,TSSOP-14_4.4x5mm_P0.65mm,LM324,smt
161.6875,-103.1,0.0,top,U12,,,TSSOP-16_4.4x5mm_P0.65mm,DAC5578xPW,smt
170.1,-83.6,0.0,top,U2,,SOT-5X3-6 Texas Instruments,Texas_R-PDSO-N6_DRL-6,TPD4E001DRLR,smt
175.1,-83.6,0.0,top,U3,,SOT-5X3-6 Texas Instruments,Texas_R-PDSO-N6_DRL-6,TPD4E001DRLR,smt
180.1,-83.6,0.0,top,U4,,SOT-5X3-6 Texas Instruments,Texas_R-PDSO-N6_DRL-6,TPD4E001DRLR,smt
185.1,-83.6,0.0,top,U5,,SOT-5X3-6 Texas Instruments,Texas_R-PDSO-N6_DRL-6,TPD4E001DRLR,smt
151.355,-114.03,0.0,top,U6,,,SOIC-8_3.9x4.9mm_P1.27mm,LM317L_SO8,smt
145.805,-133.425,0.0,top,U7,,,SOT-23-6,TPS563200,smt
139.455,-115.93,-90.0,top,U8,,,SOT-23-6,LM2776,smt
151.355,-119.43,0.0,top,U9,,,SOIC-8_3.9x4.9mm_P1.27mm,LM337L_SO8,smt
183.6,-110.1,0.0,top,Y1,,,Crystal_SMD_SeikoEpson_FA238V-4Pin_3.2x2.5mm,Crystal_GND24,smt
