﻿Designator,Quantity,Value,Footprint,Package,MPN,DNP,Mount_Type,Description,LCSC,Height,Manufacturer_Name,Mouser Part Number,Mouser Price/Stock,Arrow Part Number,Arrow Price/Stock,STANDARD,MAXIMUM_PACKAGE_HEIGHT,MANUFACTURER,PARTREV,MF,MOUSER-PURCHASE-URL,DESCRIPTION,PRICE,MP,TEXAS_INSTRUMENTS-PURCHASE-URL,ARROW_ELECTRONICS-PURCHASE-URL,AVAILABILITY,DIGIKEY-PURCHASE-URL
"C1, C7",2,1uF,C_1210_3225Metric_Pad1.33x2.70mm_HandSolder,,,,smt,Unpolarized capacitor,,,,,,,,,,,,,,,,,,,,
"C10, C12, C14, C16, C2, C3, C6, C8",8,10nF,C_0603_1608Metric_Pad1.08x0.95mm_HandSolder,,,,smt,Unpolarized capacitor,C519509,,,,,,,,,,,,,,,,,,,
"C11, C13, C15, C17, C4, C9",6,1uF,C_0603_1608Metric_Pad1.08x0.95mm_HandSolder,,,,smt,Unpolarized capacitor,,,,,,,,,,,,,,,,,,,,
"C18, C19",2,15pf,C_0402_1005Metric_Pad0.74x0.62mm_HandSolder,,,,smt,Unpolarized capacitor,,,,,,,,,,,,,,,,,,,,
"C20, C23, C26, C32, C33",5,100nf,L_0402_1005Metric_Pad0.77x0.64mm_HandSolder,,,,smt,,C60474,,,,,,,,,,,,,,,,,,,
"C21, C22, C24, C25, C28, C29, C30, C31, C35, C36, C37, C38",12,47uf,C_1210_3225Metric_Pad1.33x2.70mm_HandSolder,,,,smt,,C77101,,,,,,,,,,,,,,,,,,,
C27,1,22pf,L_0402_1005Metric_Pad0.77x0.64mm_HandSolder,,,,smt,,,,,,,,,,,,,,,,,,,,,
C34,1,1uf,L_0402_1005Metric_Pad0.77x0.64mm_HandSolder,,,,smt,,,,,,,,,,,,,,,,,,,,,
C39,1,C,C_0603_1608Metric_Pad1.08x0.95mm_HandSolder,,,,smt,Unpolarized capacitor,,,,,,,,,,,,,,,,,,,,
C5,1,100nf,C_0402_1005Metric_Pad0.74x0.62mm_HandSolder,,,,smt,Unpolarized capacitor,C60474,,,,,,,,,,,,,,,,,,,
"CN1, CN2, CN3, CN4",4,1nF,R_Array_Concave_4x0402,,,,smt,,,,,,,,,,,,,,,,,,,,,
D1,1,SS14,D_SMA,,,,smt,"100V 1A Schottky Diode, SMA",,,,,,,,,,,,,,,,,,,,
IC1,1,AD7771BCPZ,QFN-64-1EP_9x9mm_P0.5mm_EP7.35x7.35mm,,AD7771BCPZ,,smt,"8-Channel, 24-Bit, 128 kSPS Simultaneous Sampling ADC",C651536,0.8,Analog Devices,584-AD7771BCPZ,https://www.mouser.co.uk/ProductDetail/Analog-Devices/AD7771BCPZ?qs=YCa%2FAAYMW01CHjjQWyVUVw%3D%3D,AD7771BCPZ,https://www.arrow.com/en/products/ad7771bcpz/analog-devices?region=nac,,,,,,,,,,,,,
J1,1,DE15_Plug_HighDensity_MountingHoles,DSUB-15-HD_Female_Horizontal_P2.29x1.98mm_EdgePinOffset3.03mm_Housed_MountingHolesOffset4.94mm,,,,tht,"15-pin male plug socket D-SUB connector, High density (3 columns), Triple Row, Generic, VGA-connector, Mounting Hole",,,,,,,,,,,,,,,,,,,,
J2,1,USB_C_Receptacle_USB2.0_16P,USB_C_Receptacle_Palconn_UTC16-G,,,,smt,USB 2.0-only 16P Type-C Receptacle connector,,,,,,,,,,,,,,,,,,,,
J3,1,DE9_Plug_MountingHoles,DSUB-9_Female_Horizontal_P2.77x2.84mm_EdgePinOffset4.94mm_Housed_MountingHolesOffset7.48mm,,,,tht,"9-pin male plug pin D-SUB connector, Mounting Hole",,,,,,,,,,,,,,,,,,,,
J4,1,Conn_01x06_Pin,PinHeader_1x06_P2.54mm_Vertical,,,,tht,"Generic connector, single row, 01x06, script generated",,,,,,,,,,,,,,,,,,,,
J5,1,Conn_01x03,"TerminalBlock_Phoenix_MKDS-1,5-3_1x03_P5.00mm_Horizontal",,,,tht,"Generic connector, single row, 01x03, script generated (kicad-library-utils/schlib/autogen/connector/)",,,,,,,,,,,,,,,,,,,,
J6,1,Conn_02x03_Odd_Even,PinHeader_2x03_P2.54mm_Vertical,,,,tht,"Generic connector, double row, 02x03, odd/even pin numbering scheme (row 1 odd numbers, row 2 even numbers), script generated (kicad-library-utils/schlib/autogen/connector/)",,,,,,,,,,,,,,,,,,,,
"J7, J8, J9",3,Conn_01x02_Socket,JST_XA_B02B-XASK-1-A_1x02_P2.50mm_Vertical,,,,tht,"Generic connector, single row, 01x02, script generated",,,,,,,,,,,,,,,,,,,,
L1,1,WPN4020H4R7MT,L_Vishay_IFSC-1515AH_4x4x1.8mm,,,,smt,,,,,,,,,Manufacturer Recommendations,2.6mm,RECOM,1,,,,,,,,,
"Q1, Q11, Q13, Q15, Q3, Q5, Q7, Q9",8,BC817,SOT-23,,,,smt,"0.8A Ic, 45V Vce, NPN Transistor, SOT-23",C146798,,,,,,,,,,,,,,,,,,,
"Q10, Q12, Q14, Q16, Q2, Q4, Q6, Q8",8,BC807,SOT-23,,,,smt,"0.8A Ic, 45V Vce, PNP Transistor, SOT-23",C82369,,,,,,,,,,,,,,,,,,,
"R1, R15, R16, R17, R18, R23, R24, R25, R26, R28, R29, R30, R4, R6",14,10K,R_0402_1005Metric_Pad0.72x0.64mm_HandSolder,,,,smt,Resistor,C71617,,,,,,,,,,,,,,,,,,,
"R10, R5",2,1k2,R_0603_1608Metric_Pad0.98x0.95mm_HandSolder,,,,smt,Resistor,,,,,,,,,,,,,,,,,,,,
"R11, R12, R13, R14, R19, R20, R21, R22",8,1K5,R_0402_1005Metric_Pad0.72x0.64mm_HandSolder,,,,smt,,,,,,,,,,,,,,,,,,,,,
"R2, R3",2,100,R_0603_1608Metric_Pad0.98x0.95mm_HandSolder,,,,smt,Resistor,,,,,,,,,,,,,,,,,,,,
"R33, R34",2,4k7,R_0402_1005Metric_Pad0.72x0.64mm_HandSolder,,,,smt,,,,,,,,,,,,,,,,,,,,,
R7,1,33.2K,R_0402_1005Metric_Pad0.72x0.64mm_HandSolder,,,,smt,,,,,,,,,,,,,,,,,,,,,
"R8, R9",2,390,R_0603_1608Metric_Pad0.98x0.95mm_HandSolder,,,,smt,Resistor,C507432,,,,,,,,,,,,,,,,,,,
"RN1, RN2, RN3, RN4",4,2.2K,R_Array_Concave_4x0603,,,,smt,"4 resistor network, parallel topology",C728724,,,,,,,,,,,,,,,,,,,
RV1,1,150,Potentiometer_Bourns_3266Y_Vertical,,,,tht,Potentiometer,,,,,,,,,,,,,,,,,,,,
"Rcc1, Rcc2",2,5.1K,R_0402_1005Metric_Pad0.72x0.64mm_HandSolder,,,,smt,,,,,,,,,,,,,,,,,,,,,
U1,1,ESP32-S3-WROOM-1,ESP32-S3-WROOM-1,,,,smt,"2.4 GHz WiFi (802.11 b/g/n) and Bluetooth ® 5 (LE) module Built around ESP32S3 series of SoCs, Xtensa ® dualcore 32bit LX7 microprocessor Flash up to 16 MB, PSRAM up to 8 MB 36 GPIOs, rich set of peripherals Onboard PCB antenna",C2913197,,,,,,,,,,,,,,,,,,,
"U10, U11",2,LM324,TSSOP-14_4.4x5mm_P0.65mm,,,,smt,"Low-Power, Quad-Operational Amplifiers, DIP-14/SOIC-14/SSOP-14",,,,,,,,,,,,,,,,,,,,
U12,1,DAC5578xPW,TSSOP-16_4.4x5mm_P0.65mm,,,,smt,"8-Bit, Octal-Channel, Ultra-Low Glitch, Voltage Output, Two-Wire Interface Digital-to-Analog Converters, TSSOP-16",,,,,,,,,,,,,,,,,,,,
"U2, U3, U4, U5",4,TPD4E001DRLR,Texas_R-PDSO-N6_DRL-6,SOT-5X3-6 Texas Instruments,,,smt,,C527516,,,,,,,,,,,Texas Instruments,https://snapeda.com/shop?store=Mouser&id=184771,Low-capacitance 4-channel +/-15-k-V ESD protection array for high-speed data interfaces 6-SOT-5X3 -40 to 85,None,TPD4E001DRLR,https://snapeda.com/shop?store=Texas+Instruments&id=184771,https://snapeda.com/shop?store=Arrow+Electronics&id=184771,Good,https://snapeda.com/shop?store=DigiKey&id=184771
U6,1,LM317L_SO8,SOIC-8_3.9x4.9mm_P1.27mm,,,,smt,"100mA 35V Adjustable Linear Regulator, SO-8",C105219,,,,,,,,,,,,,,,,,,,
U7,1,TPS563200,SOT-23-6,,,,smt,,C97253,,,,,,,,,,,,,,,,,,,
U8,1,LM2776,SOT-23-6,,,,smt,"Switched capacitor inverter, inverts positive voltage +2.7 to +5.5V to negative, 200mA, SOT-23-6",C840110,,,,,,,,,,,,,,,,,,,
U9,1,LM337L_SO8,SOIC-8_3.9x4.9mm_P1.27mm,,,,smt,"100mA 35V Adjustable Negative Linear Regulator, SO-8",C544819,,,,,,,,,,,,,,,,,,,
Y1,1,Crystal_GND24,Crystal_SMD_SeikoEpson_FA238V-4Pin_3.2x2.5mm,,,,smt,"Four pin crystal, GND on pins 2 and 4",,,,,,,,,,,,,,,,,,,,
